"Start Time","Track","Series","Season Year","Season Quarter","Rookie Season","Race Week","Strength of Field","Special Event Type"
"2026-05-01T22:00:00Z","Nürburgring Combined - Gesamtstrecke 24h","24 Hours of Nurburgring","2026","2","N/A","1","1313",""

"Fin Pos","Car ID","Car","Car Class ID","Car Class","Team ID","Cust ID","Name","Start Pos","Car #","Out ID","Out","Interval","Laps Led","Qualify Time","Average Lap Time","Fastest Lap Time","Fast Lap#","Laps Comp","Inc","Pts","Club Pts","Div","Club ID","Club","Old iRating","New iRating","Old License Level","Old License Sub-Level","New License Level","New License Sub-Level","Series Name","Max Fuel Fill%","Weight Penalty (KG)","Agg Pts","AI"
"1","206","Aston Martin Vantage GT3 EVO","4098","NEC GT3 2026","-413047","-413047","Prestige world wide...wide...wide","3","5","0","Running","-00.000","127","","8:34.787","8:11.480","103","168","51","86","","0","0","","","","","","","","24 Hours of Nurburgring","100","10","86","0"
"1","206","Aston Martin Vantage GT3 EVO","4098","NEC GT3 2026","-413047","1060511","Bryce Tucker","3","5","0","Running","-","42","","8:21.381","8:11.480","103","49","18","86","","3","0","","2453","2480","20","434","20","499","24 Hours of Nurburgring","100","10","86","0"
"1","206","Aston Martin Vantage GT3 EVO","4098","NEC GT3 2026","-413047","979177","Anthony Hall4","3","5","0","Running","-","35","","8:28.944","8:18.519","76","49","10","86","","7","0","","1291","1318","20","426","20","499","24 Hours of Nurburgring","100","10","86","0"
"1","206","Aston Martin Vantage GT3 EVO","4098","NEC GT3 2026","-413047","332342","Hunter W West","3","5","0","Running","-","24","","8:30.018","8:20.490","125","35","8","86","","7","0","","953","972","20","424","20","499","24 Hours of Nurburgring","100","10","86","0"
"1","206","Aston Martin Vantage GT3 EVO","4098","NEC GT3 2026","-413047","1004845","Shaun Wilder","3","5","0","Running","-","26","","8:35.164","8:22.069","118","35","15","86","","7","0","","1097","1116","20","448","20","499","24 Hours of Nurburgring","100","10","86","0"
"2","169","Porsche 911 GT3 R (992)","4098","NEC GT3 2026","-418640","-418640","All the time you have to leave the space","2","6","0","Running","-2 L","33","","8:39.581","8:11.641","10","166","85","84","","0","0","","","","","","","","24 Hours of Nurburgring","98","0","84","0"
"2","169","Porsche 911 GT3 R (992)","4098","NEC GT3 2026","-418640","1199977","Jere Triumf","2","6","0","Running","-","17","","8:28.802","8:11.641","10","95","25","84","","6","0","","1402","1455","20","416","20","499","24 Hours of Nurburgring","98","0","84","0"
"2","169","Porsche 911 GT3 R (992)","4098","NEC GT3 2026","-418640","1211066","Rafael Triumf","2","6","0","Running","-","16","","8:39.494","8:17.392","137","71","60","84","","7","0","","1353","1392","18","203","19","394","24 Hours of Nurburgring","98","0","84","0"
"3","156","Mercedes-AMG GT3 2020","4098","NEC GT3 2026","-504067","-504067","Two Men and a Car","33","28","0","Running","-4 L","0","","8:47.722","8:19.091","108","164","91","82","","0","0","","","","","","","","24 Hours of Nurburgring","99","0","82","0"
"3","156","Mercedes-AMG GT3 2020","4098","NEC GT3 2026","-504067","1198576","Easton Gavin","33","28","0","Running","-","0","","8:31.177","8:19.091","108","92","43","82","","7","0","","1345","1396","11","315","12","499","24 Hours of Nurburgring","99","0","82","0"
"3","156","Mercedes-AMG GT3 2020","4098","NEC GT3 2026","-504067","577320","Phillip Pennell","33","28","0","Running","-","0","","8:44.927","8:22.633","92","72","48","82","","7","0","","1286","1326","15","321","16","499","24 Hours of Nurburgring","99","0","82","0"
"4","132","BMW M4 GT3 EVO","4098","NEC GT3 2026","-505353","-505353","Seksowne gnojki RACING TEAM","12","67","0","Running","-4 L","0","","8:47.926","8:18.667","104","164","98","81","","0","0","","","","","","","","24 Hours of Nurburgring","98","0","81","0"
"4","132","BMW M4 GT3 EVO","4098","NEC GT3 2026","-505353","1452346","Piter Szewczyk","12","67","0","Running","-","0","","8:28.686","8:19.980","150","55","15","81","","6","0","","1497","1525","14","239","16","499","24 Hours of Nurburgring","98","0","81","0"
"4","132","BMW M4 GT3 EVO","4098","NEC GT3 2026","-505353","1359206","Pawel Rusnarczyk","12","67","0","Running","-","0","","8:25.269","8:19.633","19","42","17","81","","9","0","","1409","1431","15","315","16","499","24 Hours of Nurburgring","98","0","81","0"
"4","132","BMW M4 GT3 EVO","4098","NEC GT3 2026","-505353","1460767","Tymoteusz Redosz","12","67","0","Running","-","0","","8:33.758","8:18.667","104","25","18","81","","R","0","","1632","1645","11","372","12","499","24 Hours of Nurburgring","98","0","81","0"
"4","132","BMW M4 GT3 EVO","4098","NEC GT3 2026","-505353","1421612","Krystian Sikora","12","67","0","Running","-","0","","8:47.053","8:27.770","94","24","33","81","","9","0","","993","1005","14","236","15","348","24 Hours of Nurburgring","98","0","81","0"
"4","132","BMW M4 GT3 EVO","4098","NEC GT3 2026","-505353","1238166","Tymoteusz Białkowski","12","67","0","Running","-","0","","8:43.267","8:27.538","79","18","15","81","","5","0","","1386","1395","15","332","15","377","24 Hours of Nurburgring","98","0","81","0"
"5","173","Ferrari 296 GT3","4098","NEC GT3 2026","-454462","-454462","Vistula Racing Team","43","007","0","Running","-4 L","0","","8:48.461","8:18.150","74","164","128","79","","0","0","","","","","","","","24 Hours of Nurburgring","98","0","79","0"
"5","173","Ferrari 296 GT3","4098","NEC GT3 2026","-454462","1305509","Oliver Szturc","43","007","0","Running","-","0","","8:44.604","8:18.150","74","95","74","79","","5","0","","1732","1777","19","320","20","452","24 Hours of Nurburgring","98","0","79","0"
"5","173","Ferrari 296 GT3","4098","NEC GT3 2026","-454462","1187129","Szymon Gumola","43","007","0","Running","-","0","","8:46.094","8:20.305","22","69","54","79","","8","0","","1086","1119","14","255","16","499","24 Hours of Nurburgring","98","0","79","0"
"6","132","BMW M4 GT3 EVO","4098","NEC GT3 2026","-385910","-385910","Dyna Doofs Racing","17","33","0","Running","-4 L","3","","8:50.081","8:15.302","153","164","84","78","","0","0","","","","","","","","24 Hours of Nurburgring","98","0","78","0"
"6","132","BMW M4 GT3 EVO","4098","NEC GT3 2026","-385910","1176106","Zachary Glidden2","17","33","0","Running","-","0","","8:27.240","8:15.302","153","43","17","78","","4","0","","2170","2188","20","499","20","499","24 Hours of Nurburgring","98","0","78","0"
"6","132","BMW M4 GT3 EVO","4098","NEC GT3 2026","-385910","1003150","Nathan Wichers-Schreur","17","33","0","Running","-","0","","8:28.147","8:16.485","96","42","4","78","","4","0","","1836","1854","20","419","20","499","24 Hours of Nurburgring","98","0","78","0"
"6","132","BMW M4 GT3 EVO","4098","NEC GT3 2026","-385910","1120223","James Persinger2","17","33","0","Running","-","0","","8:28.031","8:18.129","25","42","23","78","","5","0","","1566","1584","19","305","20","459","24 Hours of Nurburgring","98","0","78","0"
"6","132","BMW M4 GT3 EVO","4098","NEC GT3 2026","-385910","1152690","Tyler Rogers4","17","33","0","Running","-","3","","8:38.990","8:26.175","122","27","19","78","","10","0","","781","793","18","223","19","372","24 Hours of Nurburgring","98","0","78","0"
"6","132","BMW M4 GT3 EVO","4098","NEC GT3 2026","-385910","713388","Jordan Sprague","17","33","0","Running","-","0","","10:42.870","9:19.411","48","10","21","78","","10","0","","570","574","15","331","15","326","24 Hours of Nurburgring","98","0","78","0"
"7","156","Mercedes-AMG GT3 2020","4098","NEC GT3 2026","-168833","-168833","Phase2","55","13","0","Running","-5 L","0","","8:50.956","8:17.772","32","163","73","76","","0","0","","","","","","","","24 Hours of Nurburgring","99","0","76","0"
"7","156","Mercedes-AMG GT3 2020","4098","NEC GT3 2026","-168833","1087889","Markus Kutterer","55","13","0","Running","-","0","","8:40.228","8:25.363","142","60","21","76","","7","0","","1320","1350","20","499","20","499","24 Hours of Nurburgring","99","0","76","0"
"7","156","Mercedes-AMG GT3 2020","4098","NEC GT3 2026","-168833","1433388","Janusz Tomala","55","13","0","Running","-","0","","8:45.904","8:27.642","103","56","25","76","","10","0","","1167","1195","19","395","20","499","24 Hours of Nurburgring","99","0","76","0"
"7","156","Mercedes-AMG GT3 2020","4098","NEC GT3 2026","-168833","1025309","Jürgen Eckl","55","13","0","Running","-","0","","8:43.793","8:17.772","32","47","27","76","","9","0","","1192","1215","20","499","20","499","24 Hours of Nurburgring","99","0","76","0"
"8","132","BMW M4 GT3 EVO","4098","NEC GT3 2026","-480502","-480502","Sharted Jorts Racing","7","19","0","Running","-5 L","0","","8:51.554","8:17.243","90","163","134","75","","0","0","","","","","","","","24 Hours of Nurburgring","98","0","75","0"
"8","132","BMW M4 GT3 EVO","4098","NEC GT3 2026","-480502","1374096","Bryce Mclean","7","19","0","Running","-","0","","8:35.500","8:17.243","90","85","50","75","","5","0","","1463","1501","18","269","20","499","24 Hours of Nurburgring","98","0","75","0"
"8","132","BMW M4 GT3 EVO","4098","NEC GT3 2026","-480502","701685","Mark Degroot","7","19","0","Running","-","0","","8:41.326","8:19.883","128","78","84","75","","7","0","","1233","1267","18","254","19","362","24 Hours of Nurburgring","98","0","75","0"
"9","185","Ford Mustang GT3","4098","NEC GT3 2026","-310169","-310169","Elite Sim Racing","6","3","0","Running","-5 L","0","","8:52.118","8:15.766","129","163","99","73","","0","0","","","","","","","","24 Hours of Nurburgring","99","20","73","0"
"9","185","Ford Mustang GT3","4098","NEC GT3 2026","-310169","411938","Albert Reid","6","3","0","Running","-","0","","8:26.437","8:20.824","136","34","5","73","","3","0","","2221","2235","20","499","20","499","24 Hours of Nurburgring","99","20","73","0"
"9","185","Ford Mustang GT3","4098","NEC GT3 2026","-310169","793425","Caleb Mckinney","6","3","0","Running","-","0","","8:27.821","8:19.293","117","30","17","73","","5","0","","1740","1753","18","258","20","451","24 Hours of Nurburgring","99","20","73","0"
"9","185","Ford Mustang GT3","4098","NEC GT3 2026","-310169","246616","Kameron M Combs","6","3","0","Running","-","0","","8:41.617","8:29.533","95","27","25","73","","10","0","","579","590","20","470","20","448","24 Hours of Nurburgring","99","20","73","0"
"9","185","Ford Mustang GT3","4098","NEC GT3 2026","-310169","691612","Adolfo Castillo","6","3","0","Running","-","0","","8:34.838","8:15.766","129","26","21","73","","7","0","","1354","1365","19","321","19","370","24 Hours of Nurburgring","99","20","73","0"
"9","185","Ford Mustang GT3","4098","NEC GT3 2026","-310169","999902","Kurt Sponsler","6","3","0","Running","-","0","","8:51.981","8:36.574","151","24","29","73","","9","0","","936","946","19","341","19","345","24 Hours of Nurburgring","99","20","73","0"
"9","185","Ford Mustang GT3","4098","NEC GT3 2026","-310169","603337","Billy Jordan","6","3","0","Running","-","0","","8:37.807","8:29.392","142","22","2","73","","9","0","","1322","1331","17","145","20","492","24 Hours of Nurburgring","99","20","73","0"
"10","169","Porsche 911 GT3 R (992)","4098","NEC GT3 2026","-504130","-504130","NurdPC Racing","31","242","0","Running","-6 L","0","","8:55.191","8:15.386","126","162","69","72","","0","0","","","","","","","","24 Hours of Nurburgring","98","0","72","0"
"10","169","Porsche 911 GT3 R (992)","4098","NEC GT3 2026","-504130","837870","Paul Robertson","31","242","0","Running","-","0","","9:00.992","8:20.458","89","46","20","72","","9","0","","1259","1277","11","352","12","499","24 Hours of Nurburgring","98","0","72","0"
"10","169","Porsche 911 GT3 R (992)","4098","NEC GT3 2026","-504130","1295741","Liam Lancaster","31","242","0","Running","-","0","","8:28.226","8:15.386","126","42","5","72","","7","0","","1376","1393","18","237","20","499","24 Hours of Nurburgring","98","0","72","0"
"10","169","Porsche 911 GT3 R (992)","4098","NEC GT3 2026","-504130","1193605","Adam Robertson3","31","242","0","Running","-","0","","8:40.417","8:20.901","96","38","20","72","","10","0","","1367","1382","11","313","12","499","24 Hours of Nurburgring","98","0","72","0"
"10","169","Porsche 911 GT3 R (992)","4098","NEC GT3 2026","-504130","1150364","Jordan Osborne2","31","242","0","Running","-","0","","8:59.250","8:21.058","161","36","24","72","","8","0","","1491","1505","10","259","12","499","24 Hours of Nurburgring","98","0","72","0"
"11","169","Porsche 911 GT3 R (992)","4098","NEC GT3 2026","-510206","-510206","SpeedGonzalezTeam","28","39","0","Running","-6 L","1","","8:56.882","8:18.569","9","162","99","70","","0","0","","","","","","","","24 Hours of Nurburgring","98","0","70","0"
"11","169","Porsche 911 GT3 R (992)","4098","NEC GT3 2026","-510206","1332973","Goncalo Lopes3","28","39","0","Running","-","1","","9:10.807","8:22.626","149","59","62","70","","10","0","","922","945","10","275","12","499","24 Hours of Nurburgring","98","0","70","0"
"11","169","Porsche 911 GT3 R (992)","4098","NEC GT3 2026","-510206","651747","Daniel Couto","28","39","0","Running","-","0","","8:30.255","8:18.569","9","57","16","70","","3","0","","2173","2196","17","135","20","499","24 Hours of Nurburgring","98","0","70","0"
"11","169","Porsche 911 GT3 R (992)","4098","NEC GT3 2026","-510206","918212","Joao Pires","28","39","0","Running","-","0","","8:44.674","8:27.352","28","46","21","70","","9","0","","939","957","10","217","12","499","24 Hours of Nurburgring","98","0","70","0"
"12","169","Porsche 911 GT3 R (992)","4098","NEC GT3 2026","-433579","-433579","Sloth Motorsport","26","27","0","Running","-7 L","0","","8:56.999","8:21.584","115","161","69","69","","0","0","","","","","","","","24 Hours of Nurburgring","98","0","69","0"
"12","169","Porsche 911 GT3 R (992)","4098","NEC GT3 2026","-433579","36297","Jamar Dumas","26","27","0","Running","-","0","","8:38.927","8:21.584","115","43","18","69","","5","0","","1756","1772","20","499","20","499","24 Hours of Nurburgring","98","0","69","0"
"12","169","Porsche 911 GT3 R (992)","4098","NEC GT3 2026","-433579","320702","Chris LeBatard","26","27","0","Running","-","0","","8:29.747","8:24.955","25","35","16","69","","6","0","","1402","1414","17","184","20","499","24 Hours of Nurburgring","98","0","69","0"
"12","169","Porsche 911 GT3 R (992)","4098","NEC GT3 2026","-433579","326298","Luke Penley","26","27","0","Running","-","0","","8:34.912","8:25.591","152","33","2","69","","7","0","","1390","1401","20","494","20","499","24 Hours of Nurburgring","98","0","69","0"
"12","169","Porsche 911 GT3 R (992)","4098","NEC GT3 2026","-433579","1239275","DJ McAteer","26","27","0","Running","-","0","","8:55.265","8:35.556","76","30","11","69","","8","0","","1089","1099","18","228","20","467","24 Hours of Nurburgring","98","0","69","0"
"12","169","Porsche 911 GT3 R (992)","4098","NEC GT3 2026","-433579","1112247","Nicholas R Simpson","26","27","0","Running","-","0","","8:41.941","8:33.124","81","20","22","69","","9","0","","1015","1022","18","238","18","285","24 Hours of Nurburgring","98","0","69","0"
"13","156","Mercedes-AMG GT3 2020","4098","NEC GT3 2026","-505614","-505614","Old N Broken Racing","45","10","0","Running","-8 L","0","","9:01.847","8:15.412","15","160","151","67","","0","0","","","","","","","","24 Hours of Nurburgring","99","0","67","0"
"13","156","Mercedes-AMG GT3 2020","4098","NEC GT3 2026","-505614","190538","Andy Castle","45","10","0","Running","-","0","","8:43.453","8:15.412","15","67","52","67","","6","0","","1491","1512","18","218","20","448","24 Hours of Nurburgring","99","0","67","0"
"13","156","Mercedes-AMG GT3 2020","4098","NEC GT3 2026","-505614","793598","John Brown13","45","10","0","Running","-","0","","8:43.518","8:23.321","153","39","41","67","","8","0","","1271","1284","18","281","19","363","24 Hours of Nurburgring","99","0","67","0"
"13","156","Mercedes-AMG GT3 2020","4098","NEC GT3 2026","-505614","1478456","Lawrence Smith6","45","10","0","Running","-","0","","9:06.775","8:25.171","90","27","37","67","","R","0","","1425","1434","11","346","11","397","24 Hours of Nurburgring","99","0","67","0"
"13","156","Mercedes-AMG GT3 2020","4098","NEC GT3 2026","-505614","1465223","Nathan Mcmillan4","45","10","0","Running","-","0","","8:50.470","8:25.452","24","27","21","67","","R","0","","1307","1316","18","286","19","389","24 Hours of Nurburgring","99","0","67","0"
"14","185","Ford Mustang GT3","4098","NEC GT3 2026","-509782","-509782","Camel Crushers","27","25","0","Running","-8 L","0","","9:02.116","8:21.314","89","160","99","66","","0","0","","","","","","","","24 Hours of Nurburgring","99","20","66","0"
"14","185","Ford Mustang GT3","4098","NEC GT3 2026","-509782","1235453","Logan Nolte","27","25","0","Running","-","0","","8:56.782","8:21.314","89","55","36","66","","6","0","","1460","1478","10","242","12","499","24 Hours of Nurburgring","99","20","66","0"
"14","185","Ford Mustang GT3","4098","NEC GT3 2026","-509782","767434","Gregory Barker","27","25","0","Running","-","0","","8:45.944","8:26.751","112","55","47","66","","9","0","","1186","1204","14","236","16","483","24 Hours of Nurburgring","99","20","66","0"
"14","185","Ford Mustang GT3","4098","NEC GT3 2026","-509782","1433152","Maximo Der Boghossian","27","25","0","Running","-","0","","9:03.660","8:33.019","64","50","16","66","","7","0","","1318","1334","8","448","8","499","24 Hours of Nurburgring","99","20","66","0"
"15","132","BMW M4 GT3 EVO","4098","NEC GT3 2026","-471644","-471644","OpMo Enduro Alpha","50","21","0","Running","-8 L","0","","9:02.237","8:13.254","76","160","115","64","","0","0","","","","","","","","24 Hours of Nurburgring","98","0","64","0"
"15","132","BMW M4 GT3 EVO","4098","NEC GT3 2026","-471644","993958","Wiley Woolfe","50","21","0","Running","-","0","","8:34.451","8:13.254","76","54","16","64","","3","0","","2407","2419","20","499","20","499","24 Hours of Nurburgring","98","0","64","0"
"15","132","BMW M4 GT3 EVO","4098","NEC GT3 2026","-471644","1030330","Damion Castro","50","21","0","Running","-","0","","8:55.485","8:20.216","91","42","31","64","","9","0","","1224","1234","19","350","20","445","24 Hours of Nurburgring","98","0","64","0"
"15","132","BMW M4 GT3 EVO","4098","NEC GT3 2026","-471644","1066389","Brandon Mateo","50","21","0","Running","-","0","","8:40.051","8:19.685","32","28","36","64","","6","0","","1445","1452","14","265","15","371","24 Hours of Nurburgring","98","0","64","0"
"15","132","BMW M4 GT3 EVO","4098","NEC GT3 2026","-471644","1436025","Camden Jordan","50","21","0","Running","-","0","","8:45.443","8:25.063","4","20","18","64","","R","0","","1094","1099","15","359","15","399","24 Hours of Nurburgring","98","0","64","0"
"15","132","BMW M4 GT3 EVO","4098","NEC GT3 2026","-471644","1210077","Sean Bramer2","50","21","0","Running","-","0","","8:42.510","8:23.703","116","16","14","64","","9","0","","804","808","13","137","15","343","24 Hours of Nurburgring","98","0","64","0"
"16","206","Aston Martin Vantage GT3 EVO","4098","NEC GT3 2026","-327362","-327362","The Ezy-Beats","10","47","0","Running","-8 L","3","","9:02.731","8:18.006","117","160","176","63","","0","0","","","","","","","","24 Hours of Nurburgring","100","10","63","0"
"16","206","Aston Martin Vantage GT3 EVO","4098","NEC GT3 2026","-327362","1245671","Devin Anthony","10","47","0","Running","-","2","","8:54.331","8:20.495","14","53","28","63","","9","0","","1181","1198","16","416","16","499","24 Hours of Nurburgring","100","10","63","0"
"16","206","Aston Martin Vantage GT3 EVO","4098","NEC GT3 2026","-327362","923936","Simon Tonkin","10","47","0","Running","-","1","","9:28.066","8:27.029","62","40","74","63","","6","0","","1460","1472","10","257","11","380","24 Hours of Nurburgring","100","10","63","0"
"16","206","Aston Martin Vantage GT3 EVO","4098","NEC GT3 2026","-327362","1241070","Shawn Sponholz2","10","47","0","Running","-","0","","8:27.992","8:18.006","117","37","20","63","","8","0","","1277","1288","19","357","20","473","24 Hours of Nurburgring","100","10","63","0"
"16","206","Aston Martin Vantage GT3 EVO","4098","NEC GT3 2026","-327362","894367","Richard Tonkin","10","47","0","Running","-","0","","8:58.197","8:29.339","82","30","54","63","","10","0","","1012","1021","11","345","11","380","24 Hours of Nurburgring","100","10","63","0"
"17","169","Porsche 911 GT3 R (992)","4098","NEC GT3 2026","-375620","-375620","Team Triad","29","31","0","Running","-9 L","0","","9:05.759","8:18.621","8","159","167","61","","0","0","","","","","","","","24 Hours of Nurburgring","98","0","61","0"
"17","169","Porsche 911 GT3 R (992)","4098","NEC GT3 2026","-375620","1062570","Alexandre Lenglin","29","31","0","Running","-","0","","8:52.322","8:18.621","8","58","66","61","","7","0","","1442","1457","19","312","19","349","24 Hours of Nurburgring","98","0","61","0"
"17","169","Porsche 911 GT3 R (992)","4098","NEC GT3 2026","-375620","1066932","Antonin Etienne","29","31","0","Running","-","0","","9:03.991","8:21.740","19","52","74","61","","6","0","","1471","1484","16","499","16","443","24 Hours of Nurburgring","98","0","61","0"
"17","169","Porsche 911 GT3 R (992)","4098","NEC GT3 2026","-375620","1280929","Bastien El Gana","29","31","0","Running","-","0","","9:01.271","8:22.908","107","49","27","61","","9","0","","1046","1059","17","114","20","489","24 Hours of Nurburgring","98","0","61","0"
"18","169","Porsche 911 GT3 R (992)","4098","NEC GT3 2026","-509841","-509841","Imperial Cornell","1","29","0","Running","-9 L","1","","9:06.361","8:12.729","112","159","133","60","","0","0","","","","","","","","24 Hours of Nurburgring","98","0","60","0"
"18","169","Porsche 911 GT3 R (992)","4098","NEC GT3 2026","-509841","1072294","Alvin Fang","1","29","0","Running","-","1","","8:24.267","8:12.729","112","52","5","60","","3","0","","2264","2275","19","382","20","499","24 Hours of Nurburgring","98","0","60","0"
"18","169","Porsche 911 GT3 R (992)","4098","NEC GT3 2026","-509841","1342321","Yueran Wang2","1","29","0","Running","-","0","","9:22.482","8:30.428","116","48","79","60","","9","0","","1098","1107","14","244","15","349","24 Hours of Nurburgring","98","0","60","0"
"18","169","Porsche 911 GT3 R (992)","4098","NEC GT3 2026","-509841","1449197","Zaitian Li","1","29","0","Running","-","0","","8:46.908","8:24.874","11","36","17","60","","8","0","","1264","1271","15","396","16","499","24 Hours of Nurburgring","98","0","60","0"
"18","169","Porsche 911 GT3 R (992)","4098","NEC GT3 2026","-509841","1260569","Saul De La Pena","1","29","0","Running","-","0","","9:10.932","8:32.268","96","23","32","60","","8","0","","1080","1084","14","247","15","347","24 Hours of Nurburgring","98","0","60","0"
"19","132","BMW M4 GT3 EVO","4098","NEC GT3 2026","-508331","-508331","Wyman Enduro Racing","38","49","0","Running","-9 L","0","","9:06.996","8:19.363","98","159","133","58","","0","0","","","","","","","","24 Hours of Nurburgring","98","0","58","0"
"19","132","BMW M4 GT3 EVO","4098","NEC GT3 2026","-508331","1056918","Ivan Gomez4","38","49","0","Running","-","0","","8:51.295","8:20.031","102","49","16","58","","5","0","","1784","1795","19","381","20","499","24 Hours of Nurburgring","98","0","58","0"
"19","132","BMW M4 GT3 EVO","4098","NEC GT3 2026","-508331","1332231","Carson Wong","38","49","0","Running","-","0","","9:05.623","8:23.814","151","42","35","58","","9","0","","1187","1197","15","367","16","479","24 Hours of Nurburgring","98","0","58","0"
"19","132","BMW M4 GT3 EVO","4098","NEC GT3 2026","-508331","913242","James Krawczyk","38","49","0","Running","-","0","","8:37.345","8:19.363","98","41","32","58","","8","0","","1116","1126","20","499","20","473","24 Hours of Nurburgring","98","0","58","0"
"19","132","BMW M4 GT3 EVO","4098","NEC GT3 2026","-508331","1023048","Kolton Sorrell","38","49","0","Running","-","0","","9:22.243","8:32.681","85","27","50","58","","10","0","","841","847","19","359","19","306","24 Hours of Nurburgring","98","0","58","0"
"20","173","Ferrari 296 GT3","4098","NEC GT3 2026","-232628","-232628","SHED74","4","74","0","Running","-10 L","0","","9:09.191","8:13.858","145","158","97","57","","0","0","","","","","","","","24 Hours of Nurburgring","98","0","57","0"
"20","173","Ferrari 296 GT3","4098","NEC GT3 2026","-232628","636882","Marcus Neil","4","74","0","Running","-","0","","8:46.965","8:13.858","145","59","28","57","","6","0","","1496","1507","19","331","20","499","24 Hours of Nurburgring","98","0","57","0"
"20","173","Ferrari 296 GT3","4098","NEC GT3 2026","-232628","636768","Rienk Visser","4","74","0","Running","-","0","","8:45.083","8:19.965","21","48","18","57","","6","0","","1512","1520","19","304","20","499","24 Hours of Nurburgring","98","0","57","0"
"20","173","Ferrari 296 GT3","4098","NEC GT3 2026","-232628","836391","Darren J Reynolds","4","74","0","Running","-","0","","8:50.052","8:20.380","108","37","22","57","","8","0","","1167","1173","19","360","20","466","24 Hours of Nurburgring","98","0","57","0"
"20","173","Ferrari 296 GT3","4098","NEC GT3 2026","-232628","636782","Darren L Hunter","4","74","0","Running","-","0","","9:50.854","8:25.111","87","14","29","57","","9","0","","1151","1153","19","313","18","251","24 Hours of Nurburgring","98","0","57","0"
"21","156","Mercedes-AMG GT3 2020","4098","NEC GT3 2026","-510015","-510015","Sm Corse amg pro/am","14","40","0","Running","-11 L","0","","9:12.940","8:14.418","88","157","206","55","","0","0","","","","","","","","24 Hours of Nurburgring","99","0","55","0"
"21","156","Mercedes-AMG GT3 2020","4098","NEC GT3 2026","-510015","788186","Harrison Arendt2","14","40","0","Running","-","0","","8:36.226","8:14.418","88","48","50","55","","8","0","","1096","1105","19","378","19","373","24 Hours of Nurburgring","99","0","55","0"
"21","156","Mercedes-AMG GT3 2020","4098","NEC GT3 2026","-510015","589118","Abraham Matthew","14","40","0","Running","-","0","","8:53.170","8:27.655","108","42","55","55","","9","0","","1178","1186","10","242","12","458","24 Hours of Nurburgring","99","0","55","0"
"21","156","Mercedes-AMG GT3 2020","4098","NEC GT3 2026","-510015","1193841","Jordan Kienzle","14","40","0","Running","-","0","","8:31.134","8:24.204","95","39","7","55","","7","0","","1956","1963","17","197","20","499","24 Hours of Nurburgring","99","0","55","0"
"21","156","Mercedes-AMG GT3 2020","4098","NEC GT3 2026","-510015","1018122","Maximus Chow","14","40","0","Running","-","0","","9:18.803","8:16.634","81","28","94","55","","8","0","","970","975","19","365","17","143","24 Hours of Nurburgring","99","0","55","0"
"22","173","Ferrari 296 GT3","4098","NEC GT3 2026","-478121","-478121","Bro-mance Racers","20","8","0","Running","-13 L","0","","9:18.343","8:16.036","125","155","113","54","","0","0","","","","","","","","24 Hours of Nurburgring","98","0","54","0"
"22","173","Ferrari 296 GT3","4098","NEC GT3 2026","-478121","1412276","Sergey Kuritsin","20","8","0","Running","-","0","","8:45.641","8:16.036","125","84","59","54","","5","0","","1737","1747","20","499","20","474","24 Hours of Nurburgring","98","0","54","0"
"22","173","Ferrari 296 GT3","4098","NEC GT3 2026","-478121","1412451","Aleksey Chirkin","20","8","0","Running","-","0","","9:49.352","8:32.298","61","71","54","54","","9","0","","1064","1073","17","170","20","456","24 Hours of Nurburgring","98","0","54","0"
"23","169","Porsche 911 GT3 R (992)","4098","NEC GT3 2026","-489788","-489788","Garage 570","21","18","0","Running","-13 L","0","","9:19.408","8:18.814","6","155","109","52","","0","0","","","","","","","","24 Hours of Nurburgring","98","0","52","0"
"23","169","Porsche 911 GT3 R (992)","4098","NEC GT3 2026","-489788","1478041","Logan Gensel","21","18","0","Running","-","0","","9:35.298","8:20.390","34","45","25","52","","R","0","","1180","1185","11","351","12","499","24 Hours of Nurburgring","98","0","52","0"
"23","169","Porsche 911 GT3 R (992)","4098","NEC GT3 2026","-489788","624240","Dan Kopinski","21","18","0","Running","-","0","","8:34.972","8:18.814","6","42","33","52","","5","0","","1354","1359","18","277","20","442","24 Hours of Nurburgring","98","0","52","0"
"23","169","Porsche 911 GT3 R (992)","4098","NEC GT3 2026","-489788","635141","Jeffrey Crispell","21","18","0","Running","-","0","","9:08.198","8:32.458","23","38","40","52","","7","0","","1338","1343","17","147","19","355","24 Hours of Nurburgring","98","0","52","0"
"23","169","Porsche 911 GT3 R (992)","4098","NEC GT3 2026","-489788","1216243","Zack Yordy2","21","18","0","Running","-","0","","9:00.923","8:24.858","143","30","11","52","","7","0","","1528","1532","15","361","16","499","24 Hours of Nurburgring","98","0","52","0"
"24","206","Aston Martin Vantage GT3 EVO","4098","NEC GT3 2026","-400537","-400537","Team Slipstream","37","48","0","Running","-15 L","0","","9:19.794","8:17.070","20","153","231","51","","0","0","","","","","","","","24 Hours of Nurburgring","100","10","51","0"
"24","206","Aston Martin Vantage GT3 EVO","4098","NEC GT3 2026","-400537","62889","Kyle L Brenton","37","48","0","Running","-","0","","8:47.915","8:27.817","29","44","48","51","","9","0","","977","983","18","280","19","362","24 Hours of Nurburgring","100","10","51","0"
"24","206","Aston Martin Vantage GT3 EVO","4098","NEC GT3 2026","-400537","446198","Nathan Anderson7","37","48","0","Running","-","0","","9:17.578","8:21.312","70","39","26","51","","7","0","","1272","1278","17","138","20","450","24 Hours of Nurburgring","100","10","51","0"
"24","206","Aston Martin Vantage GT3 EVO","4098","NEC GT3 2026","-400537","1097710","Cory Luckett","37","48","0","Running","-","0","","8:40.720","8:17.070","20","36","51","51","","8","0","","1199","1204","19","316","19","322","24 Hours of Nurburgring","100","10","51","0"
"24","206","Aston Martin Vantage GT3 EVO","4098","NEC GT3 2026","-400537","1140226","Joel Warshel","37","48","0","Running","-","0","","9:48.412","8:29.840","126","34","106","51","","9","0","","1429","1434","15","311","14","225","24 Hours of Nurburgring","100","10","51","0"
"25","156","Mercedes-AMG GT3 2020","4098","NEC GT3 2026","-436362","-436362","SimRaceTR","18","36","0","Running","-16 L","0","","9:27.566","8:10.872","24","152","151","49","","0","0","","","","","","","","24 Hours of Nurburgring","99","0","49","0"
"25","156","Mercedes-AMG GT3 2020","4098","NEC GT3 2026","-436362","1269719","Erkin Azcan","18","36","0","Running","-","0","","8:46.496","8:18.314","79","28","37","49","","10","0","","1033","1035","20","499","20","430","24 Hours of Nurburgring","99","0","49","0"
"25","156","Mercedes-AMG GT3 2020","4098","NEC GT3 2026","-436362","1091613","Selim Saglam","18","36","0","Running","-","0","","8:34.699","8:10.872","24","27","38","49","","2","0","","2575","2577","13","159","15","355","24 Hours of Nurburgring","99","0","49","0"
"25","156","Mercedes-AMG GT3 2020","4098","NEC GT3 2026","-436362","884626","Ertugrul Gacal","18","36","0","Running","-","0","","8:43.946","8:15.756","115","26","24","49","","R","0","","1371","1373","19","356","19","375","24 Hours of Nurburgring","99","0","49","0"
"25","156","Mercedes-AMG GT3 2020","4098","NEC GT3 2026","-436362","1271281","Ibrahim Turan","18","36","0","Running","-","0","","8:45.059","8:27.599","55","17","4","49","","10","0","","922","923","11","341","12","471","24 Hours of Nurburgring","99","0","49","0"
"25","156","Mercedes-AMG GT3 2020","4098","NEC GT3 2026","-436362","1288904","Emre Barut","18","36","0","Running","-","0","","8:37.456","8:25.176","150","15","8","49","","8","0","","1127","1128","15","320","15","382","24 Hours of Nurburgring","99","0","49","0"
"25","156","Mercedes-AMG GT3 2020","4098","NEC GT3 2026","-436362","945211","Yiğit Özsüt","18","36","0","Running","-","0","","9:32.358","","","14","20","49","","10","0","","875","876","18","245","18","262","24 Hours of Nurburgring","99","0","49","0"
"25","156","Mercedes-AMG GT3 2020","4098","NEC GT3 2026","-436362","1318434","Metin Vurmaz2","18","36","0","Running","-","0","","8:26.109","8:17.832","107","14","13","49","","7","0","","1557","1558","20","477","20","461","24 Hours of Nurburgring","99","0","49","0"
"25","156","Mercedes-AMG GT3 2020","4098","NEC GT3 2026","-436362","1224435","Mert Ali Zencirel","18","36","0","Running","-","0","","9:23.435","8:25.673","48","11","7","49","","R","0","","1194","1195","10","281","11","378","24 Hours of Nurburgring","99","0","49","0"
"26","169","Porsche 911 GT3 R (992)","4098","NEC GT3 2026","-480318","-480318","ULTIMATE TEAM","36","37","0","Running","-16 L","0","","9:29.547","8:23.987","104","152","172","48","","0","0","","","","","","","","24 Hours of Nurburgring","98","0","48","0"
"26","169","Porsche 911 GT3 R (992)","4098","NEC GT3 2026","-480318","1247758","Diego Somarribas","36","37","0","Running","-","0","","9:20.261","8:46.285","35","42","36","48","","8","0","","1305","1307","20","486","20","455","24 Hours of Nurburgring","98","0","48","0"
"26","169","Porsche 911 GT3 R (992)","4098","NEC GT3 2026","-480318","1137501","Robert Gentel","36","37","0","Running","-","0","","9:12.335","8:30.491","136","38","55","48","","9","0","","1354","1356","16","404","16","409","24 Hours of Nurburgring","98","0","48","0"
"26","169","Porsche 911 GT3 R (992)","4098","NEC GT3 2026","-480318","803440","Diego Mendez4","36","37","0","Running","-","0","","9:04.330","8:23.987","104","36","60","48","","4","0","","1947","1948","17","171","18","255","24 Hours of Nurburgring","98","0","48","0"
"26","169","Porsche 911 GT3 R (992)","4098","NEC GT3 2026","-480318","1387844","Adrian Fernandez22","36","37","0","Running","-","0","","9:14.422","8:46.725","101","36","21","48","","9","0","","1031","1032","11","360","12","499","24 Hours of Nurburgring","98","0","48","0"
"27","185","Ford Mustang GT3","4098","NEC GT3 2026","-407269","-407269","Cold Tires Racing","30","42","0","Running","-17 L","0","","9:33.672","8:24.668","33","151","156","46","","0","0","","","","","","","","24 Hours of Nurburgring","99","20","46","0"
"27","185","Ford Mustang GT3","4098","NEC GT3 2026","-407269","263890","Alexander Hoff","30","42","0","Running","-","0","","9:48.756","8:27.587","111","57","59","46","","7","0","","1351","1353","20","433","20","415","24 Hours of Nurburgring","99","20","46","0"
"27","185","Ford Mustang GT3","4098","NEC GT3 2026","-407269","681631","Rob Ferreli","30","42","0","Running","-","0","","8:44.343","8:24.668","33","54","26","46","","7","0","","1407","1410","20","499","20","499","24 Hours of Nurburgring","99","20","46","0"
"27","185","Ford Mustang GT3","4098","NEC GT3 2026","-407269","1403181","Lui Rivera","30","42","0","Running","-","0","","9:17.688","8:32.334","63","40","71","46","","9","0","","1027","1029","19","366","19","303","24 Hours of Nurburgring","99","20","46","0"
"28","132","BMW M4 GT3 EVO","4098","NEC GT3 2026","-441473","-441473","Aventus Motorsports","23","7","0","Running","-18 L","0","","9:37.498","8:20.477","121","150","141","45","","0","0","","","","","","","","24 Hours of Nurburgring","98","0","45","0"
"28","132","BMW M4 GT3 EVO","4098","NEC GT3 2026","-441473","717610","Thomas Groves","23","7","0","Running","-","0","","8:45.225","8:20.477","121","35","37","45","","6","0","","1587","1586","14","214","15","384","24 Hours of Nurburgring","98","0","45","0"
"28","132","BMW M4 GT3 EVO","4098","NEC GT3 2026","-441473","302662","Jeffrey Jorgensen","23","7","0","Running","-","0","","8:50.486","8:25.246","19","32","27","45","","8","0","","1209","1209","18","262","19","376","24 Hours of Nurburgring","98","0","45","0"
"28","132","BMW M4 GT3 EVO","4098","NEC GT3 2026","-441473","800066","Darby Marioth","23","7","0","Running","-","0","","9:07.621","8:29.289","61","32","22","45","","7","0","","1379","1379","19","346","19","399","24 Hours of Nurburgring","98","0","45","0"
"28","132","BMW M4 GT3 EVO","4098","NEC GT3 2026","-441473","1430450","Dean J Stewart","23","7","0","Running","-","0","","9:43.680","8:30.010","25","29","44","45","","5","0","","1130","1130","9","123","11","365","24 Hours of Nurburgring","98","0","45","0"
"28","132","BMW M4 GT3 EVO","4098","NEC GT3 2026","-441473","1023415","Mishial White","23","7","0","Running","-","0","","9:16.091","8:22.259","6","22","11","45","","5","0","","1662","1662","18","265","20","444","24 Hours of Nurburgring","98","0","45","0"
"29","156","Mercedes-AMG GT3 2020","4098","NEC GT3 2026","-266617","-266617","Aggressively Average Motorsport 2","52","41","0","Running","-19 L","0","","9:40.675","8:19.637","117","149","244","43","","0","0","","","","","","","","24 Hours of Nurburgring","99","0","43","0"
"29","156","Mercedes-AMG GT3 2020","4098","NEC GT3 2026","-266617","794737","Keaton Mcdonald","52","41","0","Running","-","0","","9:03.250","8:27.916","93","54","114","43","","8","0","","1287","1289","18","225","18","221","24 Hours of Nurburgring","99","0","43","0"
"29","156","Mercedes-AMG GT3 2020","4098","NEC GT3 2026","-266617","468209","Jamie Maudsley","52","41","0","Running","-","0","","9:01.441","8:35.985","5","44","41","43","","10","0","","639","641","18","233","19","372","24 Hours of Nurburgring","99","0","43","0"
"29","156","Mercedes-AMG GT3 2020","4098","NEC GT3 2026","-266617","371208","Ed Pokryfky","52","41","0","Running","-","0","","9:14.218","8:19.637","117","36","64","43","","6","0","","1559","1560","19","378","19","304","24 Hours of Nurburgring","99","0","43","0"
"29","156","Mercedes-AMG GT3 2020","4098","NEC GT3 2026","-266617","637419","Tyler Geimer","52","41","0","Running","-","0","","8:42.528","8:23.280","10","15","25","43","","5","0","","1696","1697","19","361","19","330","24 Hours of Nurburgring","99","0","43","0"
"30","173","Ferrari 296 GT3","4098","NEC GT3 2026","-472243","-472243","Princesss","41","24","0","Running","-19 L","0","","9:43.218","8:15.052","121","149","204","42","","0","0","","","","","","","","24 Hours of Nurburgring","98","0","42","0"
"30","173","Ferrari 296 GT3","4098","NEC GT3 2026","-472243","1385942","Egor Bogatyrev","41","24","0","Running","-","0","","8:41.340","8:15.052","121","41","29","42","","5","0","","1488","1486","14","201","16","474","24 Hours of Nurburgring","98","0","42","0"
"30","173","Ferrari 296 GT3","4098","NEC GT3 2026","-472243","1385937","Dmitry Sorokin","41","24","0","Running","-","0","","9:18.877","8:23.732","84","40","47","42","","8","0","","1233","1232","18","226","18","294","24 Hours of Nurburgring","98","0","42","0"
"30","173","Ferrari 296 GT3","4098","NEC GT3 2026","-472243","1376090","Ivan Ekzhanov","41","24","0","Running","-","0","","9:53.662","8:31.017","127","35","51","42","","9","0","","1266","1265","19","346","19","323","24 Hours of Nurburgring","98","0","42","0"
"30","173","Ferrari 296 GT3","4098","NEC GT3 2026","-472243","1082377","Aleksandr Kirillov","41","24","0","Running","-","0","","9:47.886","8:36.886","143","33","77","42","","7","0","","1344","1343","20","415","18","240","24 Hours of Nurburgring","98","0","42","0"
"31","169","Porsche 911 GT3 R (992)","4098","NEC GT3 2026","-403160","-403160","Overspeed Motorsport","11","35","0","Running","-25 L","0","","10:07.485","8:17.645","9","143","254","40","","0","0","","","","","","","","24 Hours of Nurburgring","98","0","40","0"
"31","169","Porsche 911 GT3 R (992)","4098","NEC GT3 2026","-403160","667678","Mark Bonilla","11","35","0","Running","-","0","","8:48.468","8:17.645","9","60","65","40","","6","0","","1584","1580","11","329","12","496","24 Hours of Nurburgring","98","0","40","0"
"31","169","Porsche 911 GT3 R (992)","4098","NEC GT3 2026","-403160","1096431","Peter Mantei","11","35","0","Running","-","0","","9:15.647","8:29.637","99","48","36","40","","8","0","","1318","1314","20","435","20","454","24 Hours of Nurburgring","98","0","40","0"
"31","169","Porsche 911 GT3 R (992)","4098","NEC GT3 2026","-403160","1390275","Grant Hoylman","11","35","0","Running","-","0","","11:43.628","8:28.534","29","23","88","40","","10","0","","1087","1085","10","202","10","215","24 Hours of Nurburgring","98","0","40","0"
"31","169","Porsche 911 GT3 R (992)","4098","NEC GT3 2026","-403160","1177201","Alec Holbert","11","35","0","Running","-","0","","13:06.367","","","12","65","40","","8","0","","1194","1193","14","204","13","116","24 Hours of Nurburgring","98","0","40","0"
"32","156","Mercedes-AMG GT3 2020","4098","NEC GT3 2026","-495407","-495407","Eifel Outlaws 2","32","1","29","Disqualified","-26 L","0","","8:54.837","8:13.492","82","142","94","39","","0","0","","","","","","","","24 Hours of Nurburgring","99","0","39","0"
"32","156","Mercedes-AMG GT3 2020","4098","NEC GT3 2026","-495407","1434859","Christoph Wiesen","32","1","29","Disqualified","-","0","","8:22.065","8:13.492","82","35","22","39","","8","0","","1346","1343","19","388","20","471","24 Hours of Nurburgring","99","0","39","0"
"32","156","Mercedes-AMG GT3 2020","4098","NEC GT3 2026","-495407","1434294","Thomas Held","32","1","29","Disqualified","-","0","","8:29.125","8:20.235","28","30","12","39","","6","0","","1533","1530","17","178","20","494","24 Hours of Nurburgring","99","0","39","0"
"32","156","Mercedes-AMG GT3 2020","4098","NEC GT3 2026","-495407","1416678","Michael Hermes3","32","1","29","Disqualified","-","0","","8:44.140","8:19.247","18","28","31","39","","9","0","","1176","1173","17","158","19","349","24 Hours of Nurburgring","99","0","39","0"
"32","156","Mercedes-AMG GT3 2020","4098","NEC GT3 2026","-495407","1435677","Nikolaus Koenn","32","1","29","Disqualified","-","0","","9:03.856","8:23.610","128","28","20","39","","9","0","","1130","1127","19","330","19","384","24 Hours of Nurburgring","99","0","39","0"
"32","156","Mercedes-AMG GT3 2020","4098","NEC GT3 2026","-495407","1434761","Christian Vey","32","1","29","Disqualified","-","0","","8:21.920","8:17.541","132","21","9","39","","5","0","","1864","1862","20","487","20","499","24 Hours of Nurburgring","99","0","39","0"
"33","156","Mercedes-AMG GT3 2020","4098","NEC GT3 2026","-416894","-416894","Hunnia Racing Team","8","12","0","Running","-29 L","0","","10:23.729","8:19.855","28","139","224","37","","0","0","","","","","","","","24 Hours of Nurburgring","99","0","37","0"
"33","156","Mercedes-AMG GT3 2020","4098","NEC GT3 2026","-416894","1215824","Csongor Százi","8","12","0","Running","-","0","","9:21.678","8:22.023","33","38","44","37","","7","0","","1475","1472","19","335","19","346","24 Hours of Nurburgring","99","0","37","0"
"33","156","Mercedes-AMG GT3 2020","4098","NEC GT3 2026","-416894","1122967","Viktor Bérces","8","12","0","Running","-","0","","9:15.615","8:19.855","28","36","61","37","","7","0","","1395","1392","15","393","15","362","24 Hours of Nurburgring","99","0","37","0"
"33","156","Mercedes-AMG GT3 2020","4098","NEC GT3 2026","-416894","1347383","Attila Andriska","8","12","0","Running","-","0","","11:18.998","9:04.366","123","34","83","37","","9","0","","928","926","10","237","10","284","24 Hours of Nurburgring","99","0","37","0"
"33","156","Mercedes-AMG GT3 2020","4098","NEC GT3 2026","-416894","1201071","Tamás Kuczor","8","12","0","Running","-","0","","10:02.726","8:26.185","16","31","36","37","","9","0","","1105","1103","19","325","19","336","24 Hours of Nurburgring","99","0","37","0"
"34","169","Porsche 911 GT3 R (992)","4098","NEC GT3 2026","-464784","-464784","HENTHEY Racing","25","44","32","Disconnected","-46 L","0","","10:32.033","8:18.423","29","122","134","36","","0","0","","","","","","","","24 Hours of Nurburgring","98","0","36","0"
"34","169","Porsche 911 GT3 R (992)","4098","NEC GT3 2026","-464784","1363351","Michael Seiff","25","44","32","Disconnected","-","0","","8:40.560","8:18.423","29","66","58","36","","7","0","","1308","1300","15","361","16","486","24 Hours of Nurburgring","98","0","36","0"
"34","169","Porsche 911 GT3 R (992)","4098","NEC GT3 2026","-464784","1336350","Bela Schisler","25","44","32","Disconnected","-","0","","9:28.267","8:22.838","17","56","76","36","","6","0","","1191","1184","20","400","19","334","24 Hours of Nurburgring","98","0","36","0"
"35","132","BMW M4 GT3 EVO","4098","NEC GT3 2026","-477487","-477487","Pitlane Syndicate Green","39","45","0","Running","-72 L","0","","14:38.127","8:22.800","10","96","152","34","","0","0","","","","","","","","24 Hours of Nurburgring","98","0","34","0"
"35","132","BMW M4 GT3 EVO","4098","NEC GT3 2026","-477487","1370248","Dustin Hänecke","39","45","0","Running","-","0","","15:29.667","8:27.425","80","41","43","34","","9","0","","1187","1180","11","356","12","479","24 Hours of Nurburgring","98","0","34","0"
"35","132","BMW M4 GT3 EVO","4098","NEC GT3 2026","-477487","1418006","Jan Stahlberg","39","45","0","Running","-","0","","11:02.020","8:42.926","70","30","59","34","","8","0","","1094","1088","15","307","15","308","24 Hours of Nurburgring","98","0","34","0"
"35","132","BMW M4 GT3 EVO","4098","NEC GT3 2026","-477487","879738","Marcel Rettschlag","39","45","0","Running","-","0","","9:02.521","8:22.800","10","25","50","34","","6","0","","1483","1478","20","451","19","329","24 Hours of Nurburgring","98","0","34","0"
"36","206","Aston Martin Vantage GT3 EVO","4098","NEC GT3 2026","-493970","-493970","Gladiator Racing Praetorians","13","9","0","Running","-80 L","0","","16:27.874","8:17.539","5","88","75","33","","0","0","","","","","","","","24 Hours of Nurburgring","100","10","33","0"
"36","206","Aston Martin Vantage GT3 EVO","4098","NEC GT3 2026","-493970","324760","Jackson Dean","13","9","0","Running","-","0","","8:38.412","8:17.539","5","46","44","33","","6","0","","1570","1553","19","339","19","375","24 Hours of Nurburgring","100","10","33","0"
"36","206","Aston Martin Vantage GT3 EVO","4098","NEC GT3 2026","-493970","1214513","Ean Vargas","13","9","0","Running","-","0","","9:12.766","8:18.253","62","14","11","33","","7","0","","1401","1396","19","357","19","373","24 Hours of Nurburgring","100","10","33","0"
"36","206","Aston Martin Vantage GT3 EVO","4098","NEC GT3 2026","-493970","1045691","Nathanael Bell-Pactat","13","9","0","Running","-","0","","8:34.064","8:20.498","28","14","6","33","","6","0","","1556","1551","16","482","16","499","24 Hours of Nurburgring","100","10","33","0"
"36","206","Aston Martin Vantage GT3 EVO","4098","NEC GT3 2026","-493970","1214402","John Racz","13","9","0","Running","-","0","","8:58.401","8:26.086","35","14","14","33","","8","0","","1004","999","15","301","15","342","24 Hours of Nurburgring","100","10","33","0"
"37","156","Mercedes-AMG GT3 2020","4098","NEC GT3 2026","-495193","-495193","Wheelionaire Racing","24","32","32","Disconnected","-124 L","0","","9:32.633","8:21.667","31","44","82","31","","0","0","","","","","","","","24 Hours of Nurburgring","99","0","31","0"
"37","156","Mercedes-AMG GT3 2020","4098","NEC GT3 2026","-495193","664170","Michael Brolaski","24","32","32","Disconnected","-","0","","9:15.835","8:25.243","4","19","50","31","","8","0","","1524","1511","18","256","18","210","24 Hours of Nurburgring","99","0","31","0"
"37","156","Mercedes-AMG GT3 2020","4098","NEC GT3 2026","-495193","1385583","Jordan Fox3","24","32","32","Disconnected","-","0","","8:52.610","","","14","24","31","","8","0","","980","971","13","152","14","258","24 Hours of Nurburgring","99","0","31","0"
"37","156","Mercedes-AMG GT3 2020","4098","NEC GT3 2026","-495193","1338205","Paul Smith71","24","32","32","Disconnected","-","0","","8:42.121","8:21.667","31","11","8","31","","7","0","","1445","1438","20","464","20","466","24 Hours of Nurburgring","99","0","31","0"
"38","169","Porsche 911 GT3 R (992)","4098","NEC GT3 2026","-473236","-473236","GHOST9","40","43","32","Disconnected","-126 L","0","","13:23.413","","","42","206","30","","0","0","","","","","","","","24 Hours of Nurburgring","98","0","30","0"
"38","169","Porsche 911 GT3 R (992)","4098","NEC GT3 2026","-473236","1390983","Ashley Macdonald2","40","43","32","Disconnected","-","0","","14:00.896","","","23","127","30","","8","0","","1419","1403","10","275","9","146","24 Hours of Nurburgring","98","0","30","0"
"38","169","Porsche 911 GT3 R (992)","4098","NEC GT3 2026","-473236","1150915","Gabriel Rozanski","40","43","32","Disconnected","-","0","","12:28.495","","","19","79","30","","6","0","","1096","1082","15","329","14","212","24 Hours of Nurburgring","98","0","30","0"
"39","169","Porsche 911 GT3 R (992)","4098","NEC GT3 2026","-485693","-485693","Murder Death Kill","34","98","32","Disconnected","-133 L","0","","11:24.455","8:20.731","14","35","90","28","","0","0","","","","","","","","24 Hours of Nurburgring","98","0","28","0"
"39","169","Porsche 911 GT3 R (992)","4098","NEC GT3 2026","-485693","1332930","Phillip Lunsford II","34","98","32","Disconnected","-","0","","11:23.137","8:44.260","33","22","73","28","","10","0","","1412","1389","14","250","14","217","24 Hours of Nurburgring","98","0","28","0"
"39","169","Porsche 911 GT3 R (992)","4098","NEC GT3 2026","-485693","1314977","Billy Brand","34","98","32","Disconnected","-","0","","8:52.209","8:20.731","14","13","17","28","","10","0","","1194","1180","14","219","14","258","24 Hours of Nurburgring","98","0","28","0"
"40","169","Porsche 911 GT3 R (992)","4098","NEC GT3 2026","-501871","-501871","Probably Finishing","35","22","32","Disconnected","-133 L","0","","40:45.557","8:21.186","31","35","54","27","","0","0","","","","","","","","24 Hours of Nurburgring","98","0","27","0"
"40","169","Porsche 911 GT3 R (992)","4098","NEC GT3 2026","-501871","1338834","Ian Rosie","35","22","32","Disconnected","-","0","","47:44.811","8:21.186","31","26","36","27","","8","0","","1292","1262","18","248","18","266","24 Hours of Nurburgring","98","0","27","0"
"40","169","Porsche 911 GT3 R (992)","4098","NEC GT3 2026","-501871","1357663","Martin Ruzicka","35","22","32","Disconnected","-","0","","10:03.122","","","9","18","27","","7","0","","1373","1363","15","324","15","319","24 Hours of Nurburgring","98","0","27","0"
"41","156","Mercedes-AMG GT3 2020","4098","NEC GT3 2026","-497691","-497691","Snail Pace Racing <3 Beer","9","265","32","Disconnected","-146 L","0","","8:43.508","8:16.744","17","22","12","25","","0","0","","","","","","","","24 Hours of Nurburgring","99","0","25","0"
"41","156","Mercedes-AMG GT3 2020","4098","NEC GT3 2026","-497691","1123983","Benjamin Falk","9","265","32","Disconnected","-","0","","8:22.369","8:16.744","17","14","6","25","","R","0","","1039","1014","20","472","20","497","24 Hours of Nurburgring","99","0","25","0"
"41","156","Mercedes-AMG GT3 2020","4098","NEC GT3 2026","-497691","1384813","Florian Seidel","9","265","32","Disconnected","-","0","","8:28.068","8:27.647","9","6","5","25","","6","0","","1628","1618","11","322","11","347","24 Hours of Nurburgring","99","0","25","0"
"41","156","Mercedes-AMG GT3 2020","4098","NEC GT3 2026","-497691","949730","Heiko Mattiske","9","265","32","Disconnected","-","0","","11:56.488","","","2","1","25","","7","0","","1325","1322","18","236","18","241","24 Hours of Nurburgring","99","0","25","0"
"42","173","Ferrari 296 GT3","4098","NEC GT3 2026","-491322","-491322","Team Delta MotorSport","16","30","32","Disconnected","-151 L","0","","11:03.883","8:21.086","2","17","52","24","","0","0","","","","","","","","24 Hours of Nurburgring","98","0","24","0"
"42","173","Ferrari 296 GT3","4098","NEC GT3 2026","-491322","1037691","Landon Donovan","16","30","32","Disconnected","-","0","","8:30.730","8:21.086","2","6","20","24","","6","0","","1528","1504","15","331","15","309","24 Hours of Nurburgring","98","0","24","0"
"42","173","Ferrari 296 GT3","4098","NEC GT3 2026","-491322","1210920","Oliver Jardine","16","30","32","Disconnected","-","0","","8:45.389","8:36.263","12","6","15","24","","9","0","","1327","1310","15","309","15","306","24 Hours of Nurburgring","98","0","24","0"
"42","173","Ferrari 296 GT3","4098","NEC GT3 2026","-491322","1319064","Carlos Hernandez16","16","30","32","Disconnected","-","0","","16:04.262","","","5","17","24","","8","0","","1605","1591","14","297","14","268","24 Hours of Nurburgring","98","0","24","0"
"43","169","Porsche 911 GT3 R (992)","4098","NEC GT3 2026","-489767","-489767","rabitosan","51","26","32","Disconnected","-156 L","0","","10:49.240","","","12","55","22","","0","0","","","","","","","","24 Hours of Nurburgring","98","0","22","0"
"43","169","Porsche 911 GT3 R (992)","4098","NEC GT3 2026","-489767","793218","Tobias Sanchez2","51","26","32","Disconnected","-","0","","11:14.698","","","6","35","22","","8","0","","1238","1213","9","190","9","155","24 Hours of Nurburgring","98","0","22","0"
"43","169","Porsche 911 GT3 R (992)","4098","NEC GT3 2026","-489767","1402009","Santino Sanchez","51","26","32","Disconnected","-","0","","8:49.402","","","6","20","22","","7","0","","1401","1375","14","241","14","228","24 Hours of Nurburgring","98","0","22","0"
"44","156","Mercedes-AMG GT3 2020","4098","NEC GT3 2026","-449949","-449949","Autistas","56","69","32","Disconnected","-162 L","0","","13:29.043","","","6","29","21","","0","0","","","","","","","","24 Hours of Nurburgring","99","0","21","0"
"44","156","Mercedes-AMG GT3 2020","4098","NEC GT3 2026","-449949","1273330","Matias Belmar","56","69","32","Disconnected","-","0","","11:34.023","","","3","9","21","","10","0","","881","857","15","394","15","367","24 Hours of Nurburgring","99","0","21","0"
"44","156","Mercedes-AMG GT3 2020","4098","NEC GT3 2026","-449949","1273382","Felipe Riquelme Montt","56","69","32","Disconnected","-","0","","16:31.311","","","3","20","21","","5","0","","1610","1585","16","449","16","406","24 Hours of Nurburgring","99","0","21","0"
"45","156","Mercedes-AMG GT3 2020","4098","NEC GT3 2026","-298215","-298215","Sim Racing Brotherhood - Orange","44","75","34","DQ/Scoring Invalidated","-168 L","0","","00.000","","","0","135","0","","0","0","","","","","","","","24 Hours of Nurburgring","99","0","0","0"
"45","156","Mercedes-AMG GT3 2020","4098","NEC GT3 2026","-298215","971043","Mike Patrick","44","75","34","DQ/Scoring Invalidated","-","0","","8:24.937","8:18.707","12","40","16","0","","5","0","","1694","1676","20","410","20","488","24 Hours of Nurburgring","99","0","0","0"
"45","156","Mercedes-AMG GT3 2020","4098","NEC GT3 2026","-298215","843716","Charles N Fujikawa","44","75","34","DQ/Scoring Invalidated","-","0","","8:49.052","8:15.351","144","38","42","0","","4","0","","1964","1947","18","224","19","344","24 Hours of Nurburgring","99","0","0","0"
"45","156","Mercedes-AMG GT3 2020","4098","NEC GT3 2026","-298215","1452302","Fred Lewis","44","75","34","DQ/Scoring Invalidated","-","0","","8:28.776","8:21.067","4","38","37","0","","R","0","","1565","1548","14","246","16","455","24 Hours of Nurburgring","99","0","0","0"
"45","156","Mercedes-AMG GT3 2020","4098","NEC GT3 2026","-298215","603021","Craig Etter","44","75","34","DQ/Scoring Invalidated","-","0","","8:36.907","8:29.182","32","18","5","0","","8","0","","1524","1516","10","212","11","388","24 Hours of Nurburgring","99","0","0","0"
"45","156","Mercedes-AMG GT3 2020","4098","NEC GT3 2026","-298215","1428211","Rich Nunemaker","44","75","34","DQ/Scoring Invalidated","-","0","","9:05.278","8:38.512","56","15","16","0","","10","0","","708","701","10","275","11","385","24 Hours of Nurburgring","99","0","0","0"
"45","156","Mercedes-AMG GT3 2020","4098","NEC GT3 2026","-298215","1436037","Jarryd Homer","44","75","34","DQ/Scoring Invalidated","-","0","","11:40.632","","","4","19","0","","9","0","","1068","1066","10","236","10","231","24 Hours of Nurburgring","99","0","0","0"
"46","173","Ferrari 296 GT3","4098","NEC GT3 2026","-424476","-424476","Mortifagos Racing","19","23","29","Disqualified","-168 L","0","","00.000","","","0","140","0","","0","0","","","","","","","","24 Hours of Nurburgring","98","0","0","0"
"46","173","Ferrari 296 GT3","4098","NEC GT3 2026","-424476","1146142","Enzo Sánchez Croce","19","23","29","Disqualified","-","0","","8:53.252","8:17.783","76","28","33","0","","7","0","","1253","1231","14","218","15","360","24 Hours of Nurburgring","98","0","0","0"
"46","173","Ferrari 296 GT3","4098","NEC GT3 2026","-424476","890199","Nico Streitenberger","19","23","29","Disqualified","-","0","","8:47.424","8:33.903","33","22","41","0","","7","0","","1325","1307","10","269","11","363","24 Hours of Nurburgring","98","0","0","0"
"46","173","Ferrari 296 GT3","4098","NEC GT3 2026","-424476","890647","Franco Torres2","19","23","29","Disqualified","-","0","","8:28.647","8:14.567","10","21","24","0","","3","0","","2288","2271","20","461","20","429","24 Hours of Nurburgring","98","0","0","0"
"46","173","Ferrari 296 GT3","4098","NEC GT3 2026","-424476","1301587","Tobías Agustín María Laval","19","23","29","Disqualified","-","0","","9:52.780","8:54.961","45","10","23","0","","9","0","","1055","1047","10","220","10","255","24 Hours of Nurburgring","98","0","0","0"
"46","173","Ferrari 296 GT3","4098","NEC GT3 2026","-424476","784400","Francisco Quiroga Y Medus2","19","23","29","Disqualified","-","0","","18:31.129","","","4","19","0","","9","0","","963","960","14","210","13","150","24 Hours of Nurburgring","98","0","0","0"
"47","156","Mercedes-AMG GT3 2020","4098","NEC GT3 2026","-448993","-448993","Zealous","5","46","32","Disconnected","-168 L","0","","00.000","","","0","108","0","","0","0","","","","","","","","24 Hours of Nurburgring","99","0","0","0"
"47","156","Mercedes-AMG GT3 2020","4098","NEC GT3 2026","-448993","1137671","Christian Schweiger2","5","46","32","Disconnected","-","0","","9:01.498","8:23.832","29","18","32","0","","9","0","","1178","1160","19","348","19","316","24 Hours of Nurburgring","99","0","0","0"
"47","156","Mercedes-AMG GT3 2020","4098","NEC GT3 2026","-448993","1239340","Isaiah Suarez","5","46","32","Disconnected","-","0","","9:20.943","8:15.825","3","12","25","0","","5","0","","1615","1602","20","477","20","408","24 Hours of Nurburgring","99","0","0","0"
"47","156","Mercedes-AMG GT3 2020","4098","NEC GT3 2026","-448993","1246493","Thomas Garcia-Hernandez","5","46","32","Disconnected","-","0","","8:52.685","8:27.977","50","10","15","0","","6","0","","1640","1629","18","246","18","256","24 Hours of Nurburgring","99","0","0","0"
"47","156","Mercedes-AMG GT3 2020","4098","NEC GT3 2026","-448993","1202902","Jacob Ahart","5","46","32","Disconnected","-","0","","10:05.754","8:29.562","13","10","24","0","","9","0","","776","765","13","151","13","178","24 Hours of Nurburgring","99","0","0","0"
"47","156","Mercedes-AMG GT3 2020","4098","NEC GT3 2026","-448993","1206384","Dakota Ebright","5","46","32","Disconnected","-","0","","11:09.929","8:29.854","41","9","12","0","","9","0","","1136","1127","18","228","18","245","24 Hours of Nurburgring","99","0","0","0"
"47","156","Mercedes-AMG GT3 2020","4098","NEC GT3 2026","-448993","1378193","Luke Williams36","5","46","32","Disconnected","-","0","","00.000","","","0","0","0","","8","0","","","","","","","","24 Hours of Nurburgring","99","0","0","0"
"48","132","BMW M4 GT3 EVO","4098","NEC GT3 2026","-488069","-488069","Trackside","53","14","32","Disconnected","-168 L","0","","00.000","","","0","102","0","","0","0","","","","","","","","24 Hours of Nurburgring","98","0","0","0"
"48","132","BMW M4 GT3 EVO","4098","NEC GT3 2026","-488069","1344938","Bhargav Reddy","53","14","32","Disconnected","-","0","","9:52.958","8:26.053","22","32","78","0","","10","0","","756","725","13","123","13","190","24 Hours of Nurburgring","98","0","0","0"
"48","132","BMW M4 GT3 EVO","4098","NEC GT3 2026","-488069","1369917","Najib Ali","53","14","32","Disconnected","-","0","","9:39.721","8:22.922","42","16","24","0","","10","0","","1273","1258","20","499","20","431","24 Hours of Nurburgring","98","0","0","0"
"48","132","BMW M4 GT3 EVO","4098","NEC GT3 2026","-488069","984472","Jack Freeman2","53","14","32","Disconnected","-","0","","00.000","","","0","0","0","","7","0","","","","","","","","24 Hours of Nurburgring","98","0","0","0"
"49","169","Porsche 911 GT3 R (992)","4098","NEC GT3 2026","-403702","-403702","Hardline Racing Team","22","15","32","Disconnected","-168 L","0","","00.000","","","0","64","0","","0","0","","","","","","","","24 Hours of Nurburgring","98","0","0","0"
"49","169","Porsche 911 GT3 R (992)","4098","NEC GT3 2026","-403702","981876","Joseph Viola2","22","15","32","Disconnected","-","0","","10:36.883","8:25.456","8","16","36","0","","8","0","","826","797","13","120","13","186","24 Hours of Nurburgring","98","0","0","0"
"49","169","Porsche 911 GT3 R (992)","4098","NEC GT3 2026","-403702","1234805","Benedek Fuchs","22","15","32","Disconnected","-","0","","8:26.133","8:15.883","26","12","13","0","","8","0","","1624","1602","10","244","11","351","24 Hours of Nurburgring","98","0","0","0"
"49","169","Porsche 911 GT3 R (992)","4098","NEC GT3 2026","-403702","1237605","Elia Schmidt","22","15","32","Disconnected","-","0","","8:53.038","8:20.337","17","10","15","0","","9","0","","1671","1653","11","344","11","363","24 Hours of Nurburgring","98","0","0","0"
"49","169","Porsche 911 GT3 R (992)","4098","NEC GT3 2026","-403702","1040578","Artur Cara","22","15","32","Disconnected","-","0","","00.000","","","0","0","0","","6","0","","","","","","","","24 Hours of Nurburgring","98","0","0","0"
"50","132","BMW M4 GT3 EVO","4098","NEC GT3 2026","-502781","-502781","Volt Velocity Racing Team","15","38","29","Disqualified","-168 L","0","","00.000","","","0","24","0","","0","0","","","","","","","","24 Hours of Nurburgring","98","0","0","0"
"50","132","BMW M4 GT3 EVO","4098","NEC GT3 2026","-502781","1118964","Justin Hayden","15","38","29","Disqualified","-","0","","8:44.154","8:16.504","14","23","8","0","","3","0","","2086","2031","17","123","20","454","24 Hours of Nurburgring","98","0","0","0"
"50","132","BMW M4 GT3 EVO","4098","NEC GT3 2026","-502781","1311805","Daniil Malezhik","15","38","29","Disqualified","-","0","","8:32.033","8:23.234","26","14","16","0","","8","0","","958","925","12","432","12","453","24 Hours of Nurburgring","98","0","0","0"
"50","132","BMW M4 GT3 EVO","4098","NEC GT3 2026","-502781","548385","Jack J Winter","15","38","29","Disqualified","-","0","","00.000","","","0","0","0","","6","0","","","","","","","","24 Hours of Nurburgring","98","0","0","0"
"50","132","BMW M4 GT3 EVO","4098","NEC GT3 2026","-502781","646297","Anshul Sharma","15","38","29","Disqualified","-","0","","00.000","","","0","0","0","","10","0","","","","","","","","24 Hours of Nurburgring","98","0","0","0"
"51","156","Mercedes-AMG GT3 2020","4098","NEC GT3 2026","-149636","-149636","Reck Labs","49","20","32","Disconnected","-168 L","0","","00.000","","","0","62","0","","0","0","","","","","","","","24 Hours of Nurburgring","99","0","0","0"
"51","156","Mercedes-AMG GT3 2020","4098","NEC GT3 2026","-149636","429010","Orlando Lara","49","20","32","Disconnected","-","0","","9:23.618","8:24.784","18","35","62","0","","8","0","","1253","1177","17","125","17","188","24 Hours of Nurburgring","99","0","0","0"
"51","156","Mercedes-AMG GT3 2020","4098","NEC GT3 2026","-149636","504258","Francisco Funtanet","49","20","32","Disconnected","-","0","","00.000","","","0","0","0","","R","0","","","","","","","","24 Hours of Nurburgring","99","0","0","0"
"52","132","BMW M4 GT3 EVO","4098","NEC GT3 2026","-469022","-469022","Savage Sim Racing - Silly Gooses","54","454","32","Disconnected","-168 L","0","","00.000","","","0","34","0","","0","0","","","","","","","","24 Hours of Nurburgring","98","0","0","0"
"52","132","BMW M4 GT3 EVO","4098","NEC GT3 2026","-469022","1381014","Miles Mayer2","54","454","32","Disconnected","-","0","","8:36.340","8:21.503","26","12","13","0","","8","0","","1199","1169","11","366","12","445","24 Hours of Nurburgring","98","0","0","0"
"52","132","BMW M4 GT3 EVO","4098","NEC GT3 2026","-469022","568844","Jake Atkinson","54","454","32","Disconnected","-","0","","10:14.307","8:38.201","8","8","2","0","","10","0","","873","853","18","242","18","288","24 Hours of Nurburgring","98","0","0","0"
"52","132","BMW M4 GT3 EVO","4098","NEC GT3 2026","-469022","1398448","Samuel Phipps","54","454","32","Disconnected","-","0","","11:15.798","8:30.392","21","6","1","0","","8","0","","1154","1139","18","248","18","283","24 Hours of Nurburgring","98","0","0","0"
"52","132","BMW M4 GT3 EVO","4098","NEC GT3 2026","-469022","1154358","Jay Madey","54","454","32","Disconnected","-","0","","13:17.494","","","3","18","0","","5","0","","1626","1619","14","265","14","234","24 Hours of Nurburgring","98","0","0","0"
"52","132","BMW M4 GT3 EVO","4098","NEC GT3 2026","-469022","1230677","Kısmet Mirbey Tezcan","54","454","32","Disconnected","-","0","","00.000","","","0","0","0","","6","0","","","","","","","","24 Hours of Nurburgring","98","0","0","0"
"53","133","Lamborghini Huracán GT3 EVO","4098","NEC GT3 2026","-73267","-73267","WINSOMENOW","46","11","32","Disconnected","-168 L","0","","00.000","","","0","24","0","","0","0","","","","","","","","24 Hours of Nurburgring","97","0","0","0"
"53","133","Lamborghini Huracán GT3 EVO","4098","NEC GT3 2026","-73267","267323","Anthony Neff","46","11","32","Disconnected","-","0","","15:16.397","9:05.813","2","6","24","0","","7","0","","1326","1240","14","244","14","219","24 Hours of Nurburgring","97","0","0","0"
"53","133","Lamborghini Huracán GT3 EVO","4098","NEC GT3 2026","-73267","310415","Rick Neff","46","11","32","Disconnected","-","0","","00.000","","","0","0","0","","7","0","","","","","","","","24 Hours of Nurburgring","97","0","0","0"
"54","173","Ferrari 296 GT3","4098","NEC GT3 2026","-496123","-496123","Chudsters","47","16","32","Disconnected","-168 L","0","","00.000","","","0","16","0","","0","0","","","","","","","","24 Hours of Nurburgring","98","0","0","0"
"54","173","Ferrari 296 GT3","4098","NEC GT3 2026","-496123","1276463","Tom Rainsbury2","47","16","32","Disconnected","-","0","","9:37.937","","","2","16","0","","5","0","","1331","1241","11","324","10","246","24 Hours of Nurburgring","98","0","0","0"
"54","173","Ferrari 296 GT3","4098","NEC GT3 2026","-496123","422247","Jack Kolozsi","47","16","32","Disconnected","-","0","","00.000","","","0","0","0","","9","0","","","","","","","","24 Hours of Nurburgring","98","0","0","0"
"55","173","Ferrari 296 GT3","4098","NEC GT3 2026","-373176","-373176","SBR - Saunders Brothers Racing","42","4","32","Disconnected","-168 L","0","","00.000","","","0","6","0","","0","0","","","","","","","","24 Hours of Nurburgring","98","0","0","0"
"55","173","Ferrari 296 GT3","4098","NEC GT3 2026","-373176","74717","A Saunders","42","4","32","Disconnected","-","0","","10:29.516","","","2","6","0","","9","0","","1073","993","18","215","17","146","24 Hours of Nurburgring","98","0","0","0"
"55","173","Ferrari 296 GT3","4098","NEC GT3 2026","-373176","462735","Paul M Saunders","42","4","32","Disconnected","-","0","","00.000","","","0","0","0","","4","0","","","","","","","","24 Hours of Nurburgring","98","0","0","0"
"56","169","Porsche 911 GT3 R (992)","4098","NEC GT3 2026","-460051","-460051","Team Ginetto","48","17","32","Disconnected","-168 L","0","","00.000","","","0","18","0","","0","0","","","","","","","","24 Hours of Nurburgring","98","0","0","0"
"56","169","Porsche 911 GT3 R (992)","4098","NEC GT3 2026","-460051","1310985","Rosario Manco","48","17","32","Disconnected","-","0","","00.000","","","1","2","0","","3","0","","1794","1677","20","486","20","475","24 Hours of Nurburgring","98","0","0","0"
"56","169","Porsche 911 GT3 R (992)","4098","NEC GT3 2026","-460051","1096364","Simone Francioni","48","17","32","Disconnected","-","0","","00.000","","","0","0","0","","7","0","","1529","1529","15","391","15","395","24 Hours of Nurburgring","98","0","0","0"
"56","169","Porsche 911 GT3 R (992)","4098","NEC GT3 2026","-460051","1108390","Roberto Compostella","48","17","32","Disconnected","-","0","","00.000","","","0","16","0","","8","0","","767","767","15","343","15","304","24 Hours of Nurburgring","98","0","0","0"
"56","169","Porsche 911 GT3 R (992)","4098","NEC GT3 2026","-460051","1121564","Giovanni Panebianco","48","17","32","Disconnected","-","0","","00.000","","","0","0","0","","7","0","","","","","","","","24 Hours of Nurburgring","98","0","0","0"
"57","169","Porsche 911 GT3 R (992)","4098","NEC GT3 2026","-327077","-327077","GrumpyRacing","57","2","32","Disconnected","-168 L","0","","00.000","","","0","0","0","","0","0","","","","","","","","24 Hours of Nurburgring","98","0","0","0"
"57","169","Porsche 911 GT3 R (992)","4098","NEC GT3 2026","-327077","851729","Jedrzej Kasprowski","57","2","32","Disconnected","-","0","","00.000","","","0","0","0","","8","0","","","","","","","","24 Hours of Nurburgring","98","0","0","0"
"57","169","Porsche 911 GT3 R (992)","4098","NEC GT3 2026","-327077","939477","Lukasz Dudajek","57","2","32","Disconnected","-","0","","00.000","","","0","0","0","","6","0","","","","","","","","24 Hours of Nurburgring","98","0","0","0"
"58","206","Aston Martin Vantage GT3 EVO","4098","NEC GT3 2026","-443979","-443979","PCR motorsport","58","34","32","Disconnected","-168 L","0","","00.000","","","0","0","0","","0","0","","","","","","","","24 Hours of Nurburgring","100","10","0","0"
"58","206","Aston Martin Vantage GT3 EVO","4098","NEC GT3 2026","-443979","1079103","Joao Pedro Batista","58","34","32","Disconnected","-","0","","00.000","","","0","0","0","","4","0","","","","","","","","24 Hours of Nurburgring","100","10","0","0"
"58","206","Aston Martin Vantage GT3 EVO","4098","NEC GT3 2026","-443979","1150085","Gabriel Togo","58","34","32","Disconnected","-","0","","00.000","","","0","0","0","","10","0","","","","","","","","24 Hours of Nurburgring","100","10","0","0"
